Date,Year,Month,Quarter,Day,Day_of_Week,Month_Name,Day_Name,Is_Weekend,Is_Month_Start,Is_Month_End,Week_of_Year,Season
2022-01-01,2022,1,1,1,5,January,Saturday,True,True,False,52,Winter
2022-01-02,2022,1,1,2,6,January,Sunday,True,False,False,52,Winter
2022-01-03,2022,1,1,3,0,January,Monday,False,False,False,1,Winter
2022-01-04,2022,1,1,4,1,January,Tuesday,False,False,False,1,Winter
2022-01-05,2022,1,1,5,2,January,Wednesday,False,False,False,1,Winter
2022-01-06,2022,1,1,6,3,January,Thursday,False,False,False,1,Winter
2022-01-07,2022,1,1,7,4,January,Friday,False,False,False,1,Winter
2022-01-08,2022,1,1,8,5,January,Saturday,True,False,False,1,Winter
2022-01-09,2022,1,1,9,6,January,Sunday,True,False,False,1,Winter
2022-01-10,2022,1,1,10,0,January,Monday,False,False,False,2,Winter
2022-01-11,2022,1,1,11,1,January,Tuesday,False,False,False,2,Winter
2022-01-12,2022,1,1,12,2,January,Wednesday,False,False,False,2,Winter
2022-01-13,2022,1,1,13,3,January,Thursday,False,False,False,2,Winter
2022-01-14,2022,1,1,14,4,January,Friday,False,False,False,2,Winter
2022-01-15,2022,1,1,15,5,January,Saturday,True,False,False,2,Winter
2022-01-16,2022,1,1,16,6,January,Sunday,True,False,False,2,Winter
2022-01-17,2022,1,1,17,0,January,Monday,False,False,False,3,Winter
2022-01-18,2022,1,1,18,1,January,Tuesday,False,False,False,3,Winter
2022-01-19,2022,1,1,19,2,January,Wednesday,False,False,False,3,Winter
2022-01-20,2022,1,1,20,3,January,Thursday,False,False,False,3,Winter
2022-01-21,2022,1,1,21,4,January,Friday,False,False,False,3,Winter
2022-01-22,2022,1,1,22,5,January,Saturday,True,False,False,3,Winter
2022-01-23,2022,1,1,23,6,January,Sunday,True,False,False,3,Winter
2022-01-24,2022,1,1,24,0,January,Monday,False,False,False,4,Winter
2022-01-25,2022,1,1,25,1,January,Tuesday,False,False,False,4,Winter
2022-01-26,2022,1,1,26,2,January,Wednesday,False,False,False,4,Winter
2022-01-27,2022,1,1,27,3,January,Thursday,False,False,False,4,Winter
2022-01-28,2022,1,1,28,4,January,Friday,False,False,False,4,Winter
2022-01-29,2022,1,1,29,5,January,Saturday,True,False,False,4,Winter
2022-01-30,2022,1,1,30,6,January,Sunday,True,False,False,4,Winter
2022-01-31,2022,1,1,31,0,January,Monday,False,False,True,5,Winter
2022-02-01,2022,2,1,1,1,February,Tuesday,False,True,False,5,Winter
2022-02-02,2022,2,1,2,2,February,Wednesday,False,False,False,5,Winter
2022-02-03,2022,2,1,3,3,February,Thursday,False,False,False,5,Winter
2022-02-04,2022,2,1,4,4,February,Friday,False,False,False,5,Winter
2022-02-05,2022,2,1,5,5,February,Saturday,True,False,False,5,Winter
2022-02-06,2022,2,1,6,6,February,Sunday,True,False,False,5,Winter
2022-02-07,2022,2,1,7,0,February,Monday,False,False,False,6,Winter
2022-02-08,2022,2,1,8,1,February,Tuesday,False,False,False,6,Winter
2022-02-09,2022,2,1,9,2,February,Wednesday,False,False,False,6,Winter
2022-02-10,2022,2,1,10,3,February,Thursday,False,False,False,6,Winter
2022-02-11,2022,2,1,11,4,February,Friday,False,False,False,6,Winter
2022-02-12,2022,2,1,12,5,February,Saturday,True,False,False,6,Winter
2022-02-13,2022,2,1,13,6,February,Sunday,True,False,False,6,Winter
2022-02-14,2022,2,1,14,0,February,Monday,False,False,False,7,Winter
2022-02-15,2022,2,1,15,1,February,Tuesday,False,False,False,7,Winter
2022-02-16,2022,2,1,16,2,February,Wednesday,False,False,False,7,Winter
2022-02-17,2022,2,1,17,3,February,Thursday,False,False,False,7,Winter
2022-02-18,2022,2,1,18,4,February,Friday,False,False,False,7,Winter
2022-02-19,2022,2,1,19,5,February,Saturday,True,False,False,7,Winter
2022-02-20,2022,2,1,20,6,February,Sunday,True,False,False,7,Winter
2022-02-21,2022,2,1,21,0,February,Monday,False,False,False,8,Winter
2022-02-22,2022,2,1,22,1,February,Tuesday,False,False,False,8,Winter
2022-02-23,2022,2,1,23,2,February,Wednesday,False,False,False,8,Winter
2022-02-24,2022,2,1,24,3,February,Thursday,False,False,False,8,Winter
2022-02-25,2022,2,1,25,4,February,Friday,False,False,False,8,Winter
2022-02-26,2022,2,1,26,5,February,Saturday,True,False,False,8,Winter
2022-02-27,2022,2,1,27,6,February,Sunday,True,False,False,8,Winter
2022-02-28,2022,2,1,28,0,February,Monday,False,False,True,9,Winter
2022-03-01,2022,3,1,1,1,March,Tuesday,False,True,False,9,Spring
2022-03-02,2022,3,1,2,2,March,Wednesday,False,False,False,9,Spring
2022-03-03,2022,3,1,3,3,March,Thursday,False,False,False,9,Spring
2022-03-04,2022,3,1,4,4,March,Friday,False,False,False,9,Spring
2022-03-05,2022,3,1,5,5,March,Saturday,True,False,False,9,Spring
2022-03-06,2022,3,1,6,6,March,Sunday,True,False,False,9,Spring
2022-03-07,2022,3,1,7,0,March,Monday,False,False,False,10,Spring
2022-03-08,2022,3,1,8,1,March,Tuesday,False,False,False,10,Spring
2022-03-09,2022,3,1,9,2,March,Wednesday,False,False,False,10,Spring
2022-03-10,2022,3,1,10,3,March,Thursday,False,False,False,10,Spring
2022-03-11,2022,3,1,11,4,March,Friday,False,False,False,10,Spring
2022-03-12,2022,3,1,12,5,March,Saturday,True,False,False,10,Spring
2022-03-13,2022,3,1,13,6,March,Sunday,True,False,False,10,Spring
2022-03-14,2022,3,1,14,0,March,Monday,False,False,False,11,Spring
2022-03-15,2022,3,1,15,1,March,Tuesday,False,False,False,11,Spring
2022-03-16,2022,3,1,16,2,March,Wednesday,False,False,False,11,Spring
2022-03-17,2022,3,1,17,3,March,Thursday,False,False,False,11,Spring
2022-03-18,2022,3,1,18,4,March,Friday,False,False,False,11,Spring
2022-03-19,2022,3,1,19,5,March,Saturday,True,False,False,11,Spring
2022-03-20,2022,3,1,20,6,March,Sunday,True,False,False,11,Spring
2022-03-21,2022,3,1,21,0,March,Monday,False,False,False,12,Spring
2022-03-22,2022,3,1,22,1,March,Tuesday,False,False,False,12,Spring
2022-03-23,2022,3,1,23,2,March,Wednesday,False,False,False,12,Spring
2022-03-24,2022,3,1,24,3,March,Thursday,False,False,False,12,Spring
2022-03-25,2022,3,1,25,4,March,Friday,False,False,False,12,Spring
2022-03-26,2022,3,1,26,5,March,Saturday,True,False,False,12,Spring
2022-03-27,2022,3,1,27,6,March,Sunday,True,False,False,12,Spring
2022-03-28,2022,3,1,28,0,March,Monday,False,False,False,13,Spring
2022-03-29,2022,3,1,29,1,March,Tuesday,False,False,False,13,Spring
2022-03-30,2022,3,1,30,2,March,Wednesday,False,False,False,13,Spring
2022-03-31,2022,3,1,31,3,March,Thursday,False,False,True,13,Spring
2022-04-01,2022,4,2,1,4,April,Friday,False,True,False,13,Spring
2022-04-02,2022,4,2,2,5,April,Saturday,True,False,False,13,Spring
2022-04-03,2022,4,2,3,6,April,Sunday,True,False,False,13,Spring
2022-04-04,2022,4,2,4,0,April,Monday,False,False,False,14,Spring
2022-04-05,2022,4,2,5,1,April,Tuesday,False,False,False,14,Spring
2022-04-06,2022,4,2,6,2,April,Wednesday,False,False,False,14,Spring
2022-04-07,2022,4,2,7,3,April,Thursday,False,False,False,14,Spring
2022-04-08,2022,4,2,8,4,April,Friday,False,False,False,14,Spring
2022-04-09,2022,4,2,9,5,April,Saturday,True,False,False,14,Spring
2022-04-10,2022,4,2,10,6,April,Sunday,True,False,False,14,Spring
2022-04-11,2022,4,2,11,0,April,Monday,False,False,False,15,Spring
2022-04-12,2022,4,2,12,1,April,Tuesday,False,False,False,15,Spring
2022-04-13,2022,4,2,13,2,April,Wednesday,False,False,False,15,Spring
2022-04-14,2022,4,2,14,3,April,Thursday,False,False,False,15,Spring
2022-04-15,2022,4,2,15,4,April,Friday,False,False,False,15,Spring
2022-04-16,2022,4,2,16,5,April,Saturday,True,False,False,15,Spring
2022-04-17,2022,4,2,17,6,April,Sunday,True,False,False,15,Spring
2022-04-18,2022,4,2,18,0,April,Monday,False,False,False,16,Spring
2022-04-19,2022,4,2,19,1,April,Tuesday,False,False,False,16,Spring
2022-04-20,2022,4,2,20,2,April,Wednesday,False,False,False,16,Spring
2022-04-21,2022,4,2,21,3,April,Thursday,False,False,False,16,Spring
2022-04-22,2022,4,2,22,4,April,Friday,False,False,False,16,Spring
2022-04-23,2022,4,2,23,5,April,Saturday,True,False,False,16,Spring
2022-04-24,2022,4,2,24,6,April,Sunday,True,False,False,16,Spring
2022-04-25,2022,4,2,25,0,April,Monday,False,False,False,17,Spring
2022-04-26,2022,4,2,26,1,April,Tuesday,False,False,False,17,Spring
2022-04-27,2022,4,2,27,2,April,Wednesday,False,False,False,17,Spring
2022-04-28,2022,4,2,28,3,April,Thursday,False,False,False,17,Spring
2022-04-29,2022,4,2,29,4,April,Friday,False,False,False,17,Spring
2022-04-30,2022,4,2,30,5,April,Saturday,True,False,True,17,Spring
2022-05-01,2022,5,2,1,6,May,Sunday,True,True,False,17,Spring
2022-05-02,2022,5,2,2,0,May,Monday,False,False,False,18,Spring
2022-05-03,2022,5,2,3,1,May,Tuesday,False,False,False,18,Spring
2022-05-04,2022,5,2,4,2,May,Wednesday,False,False,False,18,Spring
2022-05-05,2022,5,2,5,3,May,Thursday,False,False,False,18,Spring
2022-05-06,2022,5,2,6,4,May,Friday,False,False,False,18,Spring
2022-05-07,2022,5,2,7,5,May,Saturday,True,False,False,18,Spring
2022-05-08,2022,5,2,8,6,May,Sunday,True,False,False,18,Spring
2022-05-09,2022,5,2,9,0,May,Monday,False,False,False,19,Spring
2022-05-10,2022,5,2,10,1,May,Tuesday,False,False,False,19,Spring
2022-05-11,2022,5,2,11,2,May,Wednesday,False,False,False,19,Spring
2022-05-12,2022,5,2,12,3,May,Thursday,False,False,False,19,Spring
2022-05-13,2022,5,2,13,4,May,Friday,False,False,False,19,Spring
2022-05-14,2022,5,2,14,5,May,Saturday,True,False,False,19,Spring
2022-05-15,2022,5,2,15,6,May,Sunday,True,False,False,19,Spring
2022-05-16,2022,5,2,16,0,May,Monday,False,False,False,20,Spring
2022-05-17,2022,5,2,17,1,May,Tuesday,False,False,False,20,Spring
2022-05-18,2022,5,2,18,2,May,Wednesday,False,False,False,20,Spring
2022-05-19,2022,5,2,19,3,May,Thursday,False,False,False,20,Spring
2022-05-20,2022,5,2,20,4,May,Friday,False,False,False,20,Spring
2022-05-21,2022,5,2,21,5,May,Saturday,True,False,False,20,Spring
2022-05-22,2022,5,2,22,6,May,Sunday,True,False,False,20,Spring
2022-05-23,2022,5,2,23,0,May,Monday,False,False,False,21,Spring
2022-05-24,2022,5,2,24,1,May,Tuesday,False,False,False,21,Spring
2022-05-25,2022,5,2,25,2,May,Wednesday,False,False,False,21,Spring
2022-05-26,2022,5,2,26,3,May,Thursday,False,False,False,21,Spring
2022-05-27,2022,5,2,27,4,May,Friday,False,False,False,21,Spring
2022-05-28,2022,5,2,28,5,May,Saturday,True,False,False,21,Spring
2022-05-29,2022,5,2,29,6,May,Sunday,True,False,False,21,Spring
2022-05-30,2022,5,2,30,0,May,Monday,False,False,False,22,Spring
2022-05-31,2022,5,2,31,1,May,Tuesday,False,False,True,22,Spring
2022-06-01,2022,6,2,1,2,June,Wednesday,False,True,False,22,Summer
2022-06-02,2022,6,2,2,3,June,Thursday,False,False,False,22,Summer
2022-06-03,2022,6,2,3,4,June,Friday,False,False,False,22,Summer
2022-06-04,2022,6,2,4,5,June,Saturday,True,False,False,22,Summer
2022-06-05,2022,6,2,5,6,June,Sunday,True,False,False,22,Summer
2022-06-06,2022,6,2,6,0,June,Monday,False,False,False,23,Summer
2022-06-07,2022,6,2,7,1,June,Tuesday,False,False,False,23,Summer
2022-06-08,2022,6,2,8,2,June,Wednesday,False,False,False,23,Summer
2022-06-09,2022,6,2,9,3,June,Thursday,False,False,False,23,Summer
2022-06-10,2022,6,2,10,4,June,Friday,False,False,False,23,Summer
2022-06-11,2022,6,2,11,5,June,Saturday,True,False,False,23,Summer
2022-06-12,2022,6,2,12,6,June,Sunday,True,False,False,23,Summer
2022-06-13,2022,6,2,13,0,June,Monday,False,False,False,24,Summer
2022-06-14,2022,6,2,14,1,June,Tuesday,False,False,False,24,Summer
2022-06-15,2022,6,2,15,2,June,Wednesday,False,False,False,24,Summer
2022-06-16,2022,6,2,16,3,June,Thursday,False,False,False,24,Summer
2022-06-17,2022,6,2,17,4,June,Friday,False,False,False,24,Summer
2022-06-18,2022,6,2,18,5,June,Saturday,True,False,False,24,Summer
2022-06-19,2022,6,2,19,6,June,Sunday,True,False,False,24,Summer
2022-06-20,2022,6,2,20,0,June,Monday,False,False,False,25,Summer
2022-06-21,2022,6,2,21,1,June,Tuesday,False,False,False,25,Summer
2022-06-22,2022,6,2,22,2,June,Wednesday,False,False,False,25,Summer
2022-06-23,2022,6,2,23,3,June,Thursday,False,False,False,25,Summer
2022-06-24,2022,6,2,24,4,June,Friday,False,False,False,25,Summer
2022-06-25,2022,6,2,25,5,June,Saturday,True,False,False,25,Summer
2022-06-26,2022,6,2,26,6,June,Sunday,True,False,False,25,Summer
2022-06-27,2022,6,2,27,0,June,Monday,False,False,False,26,Summer
2022-06-28,2022,6,2,28,1,June,Tuesday,False,False,False,26,Summer
2022-06-29,2022,6,2,29,2,June,Wednesday,False,False,False,26,Summer
2022-06-30,2022,6,2,30,3,June,Thursday,False,False,True,26,Summer
2022-07-01,2022,7,3,1,4,July,Friday,False,True,False,26,Summer
2022-07-02,2022,7,3,2,5,July,Saturday,True,False,False,26,Summer
2022-07-03,2022,7,3,3,6,July,Sunday,True,False,False,26,Summer
2022-07-04,2022,7,3,4,0,July,Monday,False,False,False,27,Summer
2022-07-05,2022,7,3,5,1,July,Tuesday,False,False,False,27,Summer
2022-07-06,2022,7,3,6,2,July,Wednesday,False,False,False,27,Summer
2022-07-07,2022,7,3,7,3,July,Thursday,False,False,False,27,Summer
2022-07-08,2022,7,3,8,4,July,Friday,False,False,False,27,Summer
2022-07-09,2022,7,3,9,5,July,Saturday,True,False,False,27,Summer
2022-07-10,2022,7,3,10,6,July,Sunday,True,False,False,27,Summer
2022-07-11,2022,7,3,11,0,July,Monday,False,False,False,28,Summer
2022-07-12,2022,7,3,12,1,July,Tuesday,False,False,False,28,Summer
2022-07-13,2022,7,3,13,2,July,Wednesday,False,False,False,28,Summer
2022-07-14,2022,7,3,14,3,July,Thursday,False,False,False,28,Summer
2022-07-15,2022,7,3,15,4,July,Friday,False,False,False,28,Summer
2022-07-16,2022,7,3,16,5,July,Saturday,True,False,False,28,Summer
2022-07-17,2022,7,3,17,6,July,Sunday,True,False,False,28,Summer
2022-07-18,2022,7,3,18,0,July,Monday,False,False,False,29,Summer
2022-07-19,2022,7,3,19,1,July,Tuesday,False,False,False,29,Summer
2022-07-20,2022,7,3,20,2,July,Wednesday,False,False,False,29,Summer
2022-07-21,2022,7,3,21,3,July,Thursday,False,False,False,29,Summer
2022-07-22,2022,7,3,22,4,July,Friday,False,False,False,29,Summer
2022-07-23,2022,7,3,23,5,July,Saturday,True,False,False,29,Summer
2022-07-24,2022,7,3,24,6,July,Sunday,True,False,False,29,Summer
2022-07-25,2022,7,3,25,0,July,Monday,False,False,False,30,Summer
2022-07-26,2022,7,3,26,1,July,Tuesday,False,False,False,30,Summer
2022-07-27,2022,7,3,27,2,July,Wednesday,False,False,False,30,Summer
2022-07-28,2022,7,3,28,3,July,Thursday,False,False,False,30,Summer
2022-07-29,2022,7,3,29,4,July,Friday,False,False,False,30,Summer
2022-07-30,2022,7,3,30,5,July,Saturday,True,False,False,30,Summer
2022-07-31,2022,7,3,31,6,July,Sunday,True,False,True,30,Summer
2022-08-01,2022,8,3,1,0,August,Monday,False,True,False,31,Summer
2022-08-02,2022,8,3,2,1,August,Tuesday,False,False,False,31,Summer
2022-08-03,2022,8,3,3,2,August,Wednesday,False,False,False,31,Summer
2022-08-04,2022,8,3,4,3,August,Thursday,False,False,False,31,Summer
2022-08-05,2022,8,3,5,4,August,Friday,False,False,False,31,Summer
2022-08-06,2022,8,3,6,5,August,Saturday,True,False,False,31,Summer
2022-08-07,2022,8,3,7,6,August,Sunday,True,False,False,31,Summer
2022-08-08,2022,8,3,8,0,August,Monday,False,False,False,32,Summer
2022-08-09,2022,8,3,9,1,August,Tuesday,False,False,False,32,Summer
2022-08-10,2022,8,3,10,2,August,Wednesday,False,False,False,32,Summer
2022-08-11,2022,8,3,11,3,August,Thursday,False,False,False,32,Summer
2022-08-12,2022,8,3,12,4,August,Friday,False,False,False,32,Summer
2022-08-13,2022,8,3,13,5,August,Saturday,True,False,False,32,Summer
2022-08-14,2022,8,3,14,6,August,Sunday,True,False,False,32,Summer
2022-08-15,2022,8,3,15,0,August,Monday,False,False,False,33,Summer
2022-08-16,2022,8,3,16,1,August,Tuesday,False,False,False,33,Summer
2022-08-17,2022,8,3,17,2,August,Wednesday,False,False,False,33,Summer
2022-08-18,2022,8,3,18,3,August,Thursday,False,False,False,33,Summer
2022-08-19,2022,8,3,19,4,August,Friday,False,False,False,33,Summer
2022-08-20,2022,8,3,20,5,August,Saturday,True,False,False,33,Summer
2022-08-21,2022,8,3,21,6,August,Sunday,True,False,False,33,Summer
2022-08-22,2022,8,3,22,0,August,Monday,False,False,False,34,Summer
2022-08-23,2022,8,3,23,1,August,Tuesday,False,False,False,34,Summer
2022-08-24,2022,8,3,24,2,August,Wednesday,False,False,False,34,Summer
2022-08-25,2022,8,3,25,3,August,Thursday,False,False,False,34,Summer
2022-08-26,2022,8,3,26,4,August,Friday,False,False,False,34,Summer
2022-08-27,2022,8,3,27,5,August,Saturday,True,False,False,34,Summer
2022-08-28,2022,8,3,28,6,August,Sunday,True,False,False,34,Summer
2022-08-29,2022,8,3,29,0,August,Monday,False,False,False,35,Summer
2022-08-30,2022,8,3,30,1,August,Tuesday,False,False,False,35,Summer
2022-08-31,2022,8,3,31,2,August,Wednesday,False,False,True,35,Summer
2022-09-01,2022,9,3,1,3,September,Thursday,False,True,False,35,Fall
2022-09-02,2022,9,3,2,4,September,Friday,False,False,False,35,Fall
2022-09-03,2022,9,3,3,5,September,Saturday,True,False,False,35,Fall
2022-09-04,2022,9,3,4,6,September,Sunday,True,False,False,35,Fall
2022-09-05,2022,9,3,5,0,September,Monday,False,False,False,36,Fall
2022-09-06,2022,9,3,6,1,September,Tuesday,False,False,False,36,Fall
2022-09-07,2022,9,3,7,2,September,Wednesday,False,False,False,36,Fall
2022-09-08,2022,9,3,8,3,September,Thursday,False,False,False,36,Fall
2022-09-09,2022,9,3,9,4,September,Friday,False,False,False,36,Fall
2022-09-10,2022,9,3,10,5,September,Saturday,True,False,False,36,Fall
2022-09-11,2022,9,3,11,6,September,Sunday,True,False,False,36,Fall
2022-09-12,2022,9,3,12,0,September,Monday,False,False,False,37,Fall
2022-09-13,2022,9,3,13,1,September,Tuesday,False,False,False,37,Fall
2022-09-14,2022,9,3,14,2,September,Wednesday,False,False,False,37,Fall
2022-09-15,2022,9,3,15,3,September,Thursday,False,False,False,37,Fall
2022-09-16,2022,9,3,16,4,September,Friday,False,False,False,37,Fall
2022-09-17,2022,9,3,17,5,September,Saturday,True,False,False,37,Fall
2022-09-18,2022,9,3,18,6,September,Sunday,True,False,False,37,Fall
2022-09-19,2022,9,3,19,0,September,Monday,False,False,False,38,Fall
2022-09-20,2022,9,3,20,1,September,Tuesday,False,False,False,38,Fall
2022-09-21,2022,9,3,21,2,September,Wednesday,False,False,False,38,Fall
2022-09-22,2022,9,3,22,3,September,Thursday,False,False,False,38,Fall
2022-09-23,2022,9,3,23,4,September,Friday,False,False,False,38,Fall
2022-09-24,2022,9,3,24,5,September,Saturday,True,False,False,38,Fall
2022-09-25,2022,9,3,25,6,September,Sunday,True,False,False,38,Fall
2022-09-26,2022,9,3,26,0,September,Monday,False,False,False,39,Fall
2022-09-27,2022,9,3,27,1,September,Tuesday,False,False,False,39,Fall
2022-09-28,2022,9,3,28,2,September,Wednesday,False,False,False,39,Fall
2022-09-29,2022,9,3,29,3,September,Thursday,False,False,False,39,Fall
2022-09-30,2022,9,3,30,4,September,Friday,False,False,True,39,Fall
2022-10-01,2022,10,4,1,5,October,Saturday,True,True,False,39,Fall
2022-10-02,2022,10,4,2,6,October,Sunday,True,False,False,39,Fall
2022-10-03,2022,10,4,3,0,October,Monday,False,False,False,40,Fall
2022-10-04,2022,10,4,4,1,October,Tuesday,False,False,False,40,Fall
2022-10-05,2022,10,4,5,2,October,Wednesday,False,False,False,40,Fall
2022-10-06,2022,10,4,6,3,October,Thursday,False,False,False,40,Fall
2022-10-07,2022,10,4,7,4,October,Friday,False,False,False,40,Fall
2022-10-08,2022,10,4,8,5,October,Saturday,True,False,False,40,Fall
2022-10-09,2022,10,4,9,6,October,Sunday,True,False,False,40,Fall
2022-10-10,2022,10,4,10,0,October,Monday,False,False,False,41,Fall
2022-10-11,2022,10,4,11,1,October,Tuesday,False,False,False,41,Fall
2022-10-12,2022,10,4,12,2,October,Wednesday,False,False,False,41,Fall
2022-10-13,2022,10,4,13,3,October,Thursday,False,False,False,41,Fall
2022-10-14,2022,10,4,14,4,October,Friday,False,False,False,41,Fall
2022-10-15,2022,10,4,15,5,October,Saturday,True,False,False,41,Fall
2022-10-16,2022,10,4,16,6,October,Sunday,True,False,False,41,Fall
2022-10-17,2022,10,4,17,0,October,Monday,False,False,False,42,Fall
2022-10-18,2022,10,4,18,1,October,Tuesday,False,False,False,42,Fall
2022-10-19,2022,10,4,19,2,October,Wednesday,False,False,False,42,Fall
2022-10-20,2022,10,4,20,3,October,Thursday,False,False,False,42,Fall
2022-10-21,2022,10,4,21,4,October,Friday,False,False,False,42,Fall
2022-10-22,2022,10,4,22,5,October,Saturday,True,False,False,42,Fall
2022-10-23,2022,10,4,23,6,October,Sunday,True,False,False,42,Fall
2022-10-24,2022,10,4,24,0,October,Monday,False,False,False,43,Fall
2022-10-25,2022,10,4,25,1,October,Tuesday,False,False,False,43,Fall
2022-10-26,2022,10,4,26,2,October,Wednesday,False,False,False,43,Fall
2022-10-27,2022,10,4,27,3,October,Thursday,False,False,False,43,Fall
2022-10-28,2022,10,4,28,4,October,Friday,False,False,False,43,Fall
2022-10-29,2022,10,4,29,5,October,Saturday,True,False,False,43,Fall
2022-10-30,2022,10,4,30,6,October,Sunday,True,False,False,43,Fall
2022-10-31,2022,10,4,31,0,October,Monday,False,False,True,44,Fall
2022-11-01,2022,11,4,1,1,November,Tuesday,False,True,False,44,Fall
2022-11-02,2022,11,4,2,2,November,Wednesday,False,False,False,44,Fall
2022-11-03,2022,11,4,3,3,November,Thursday,False,False,False,44,Fall
2022-11-04,2022,11,4,4,4,November,Friday,False,False,False,44,Fall
2022-11-05,2022,11,4,5,5,November,Saturday,True,False,False,44,Fall
2022-11-06,2022,11,4,6,6,November,Sunday,True,False,False,44,Fall
2022-11-07,2022,11,4,7,0,November,Monday,False,False,False,45,Fall
2022-11-08,2022,11,4,8,1,November,Tuesday,False,False,False,45,Fall
2022-11-09,2022,11,4,9,2,November,Wednesday,False,False,False,45,Fall
2022-11-10,2022,11,4,10,3,November,Thursday,False,False,False,45,Fall
2022-11-11,2022,11,4,11,4,November,Friday,False,False,False,45,Fall
2022-11-12,2022,11,4,12,5,November,Saturday,True,False,False,45,Fall
2022-11-13,2022,11,4,13,6,November,Sunday,True,False,False,45,Fall
2022-11-14,2022,11,4,14,0,November,Monday,False,False,False,46,Fall
2022-11-15,2022,11,4,15,1,November,Tuesday,False,False,False,46,Fall
2022-11-16,2022,11,4,16,2,November,Wednesday,False,False,False,46,Fall
2022-11-17,2022,11,4,17,3,November,Thursday,False,False,False,46,Fall
2022-11-18,2022,11,4,18,4,November,Friday,False,False,False,46,Fall
2022-11-19,2022,11,4,19,5,November,Saturday,True,False,False,46,Fall
2022-11-20,2022,11,4,20,6,November,Sunday,True,False,False,46,Fall
2022-11-21,2022,11,4,21,0,November,Monday,False,False,False,47,Fall
2022-11-22,2022,11,4,22,1,November,Tuesday,False,False,False,47,Fall
2022-11-23,2022,11,4,23,2,November,Wednesday,False,False,False,47,Fall
2022-11-24,2022,11,4,24,3,November,Thursday,False,False,False,47,Fall
2022-11-25,2022,11,4,25,4,November,Friday,False,False,False,47,Fall
2022-11-26,2022,11,4,26,5,November,Saturday,True,False,False,47,Fall
2022-11-27,2022,11,4,27,6,November,Sunday,True,False,False,47,Fall
2022-11-28,2022,11,4,28,0,November,Monday,False,False,False,48,Fall
2022-11-29,2022,11,4,29,1,November,Tuesday,False,False,False,48,Fall
2022-11-30,2022,11,4,30,2,November,Wednesday,False,False,True,48,Fall
2022-12-01,2022,12,4,1,3,December,Thursday,False,True,False,48,Winter
2022-12-02,2022,12,4,2,4,December,Friday,False,False,False,48,Winter
2022-12-03,2022,12,4,3,5,December,Saturday,True,False,False,48,Winter
2022-12-04,2022,12,4,4,6,December,Sunday,True,False,False,48,Winter
2022-12-05,2022,12,4,5,0,December,Monday,False,False,False,49,Winter
2022-12-06,2022,12,4,6,1,December,Tuesday,False,False,False,49,Winter
2022-12-07,2022,12,4,7,2,December,Wednesday,False,False,False,49,Winter
2022-12-08,2022,12,4,8,3,December,Thursday,False,False,False,49,Winter
2022-12-09,2022,12,4,9,4,December,Friday,False,False,False,49,Winter
2022-12-10,2022,12,4,10,5,December,Saturday,True,False,False,49,Winter
2022-12-11,2022,12,4,11,6,December,Sunday,True,False,False,49,Winter
2022-12-12,2022,12,4,12,0,December,Monday,False,False,False,50,Winter
2022-12-13,2022,12,4,13,1,December,Tuesday,False,False,False,50,Winter
2022-12-14,2022,12,4,14,2,December,Wednesday,False,False,False,50,Winter
2022-12-15,2022,12,4,15,3,December,Thursday,False,False,False,50,Winter
2022-12-16,2022,12,4,16,4,December,Friday,False,False,False,50,Winter
2022-12-17,2022,12,4,17,5,December,Saturday,True,False,False,50,Winter
2022-12-18,2022,12,4,18,6,December,Sunday,True,False,False,50,Winter
2022-12-19,2022,12,4,19,0,December,Monday,False,False,False,51,Winter
2022-12-20,2022,12,4,20,1,December,Tuesday,False,False,False,51,Winter
2022-12-21,2022,12,4,21,2,December,Wednesday,False,False,False,51,Winter
2022-12-22,2022,12,4,22,3,December,Thursday,False,False,False,51,Winter
2022-12-23,2022,12,4,23,4,December,Friday,False,False,False,51,Winter
2022-12-24,2022,12,4,24,5,December,Saturday,True,False,False,51,Winter
2022-12-25,2022,12,4,25,6,December,Sunday,True,False,False,51,Winter
2022-12-26,2022,12,4,26,0,December,Monday,False,False,False,52,Winter
2022-12-27,2022,12,4,27,1,December,Tuesday,False,False,False,52,Winter
2022-12-28,2022,12,4,28,2,December,Wednesday,False,False,False,52,Winter
2022-12-29,2022,12,4,29,3,December,Thursday,False,False,False,52,Winter
2022-12-30,2022,12,4,30,4,December,Friday,False,False,False,52,Winter
2022-12-31,2022,12,4,31,5,December,Saturday,True,False,True,52,Winter
2023-01-01,2023,1,1,1,6,January,Sunday,True,True,False,52,Winter
2023-01-02,2023,1,1,2,0,January,Monday,False,False,False,1,Winter
2023-01-03,2023,1,1,3,1,January,Tuesday,False,False,False,1,Winter
2023-01-04,2023,1,1,4,2,January,Wednesday,False,False,False,1,Winter
2023-01-05,2023,1,1,5,3,January,Thursday,False,False,False,1,Winter
2023-01-06,2023,1,1,6,4,January,Friday,False,False,False,1,Winter
2023-01-07,2023,1,1,7,5,January,Saturday,True,False,False,1,Winter
2023-01-08,2023,1,1,8,6,January,Sunday,True,False,False,1,Winter
2023-01-09,2023,1,1,9,0,January,Monday,False,False,False,2,Winter
2023-01-10,2023,1,1,10,1,January,Tuesday,False,False,False,2,Winter
2023-01-11,2023,1,1,11,2,January,Wednesday,False,False,False,2,Winter
2023-01-12,2023,1,1,12,3,January,Thursday,False,False,False,2,Winter
2023-01-13,2023,1,1,13,4,January,Friday,False,False,False,2,Winter
2023-01-14,2023,1,1,14,5,January,Saturday,True,False,False,2,Winter
2023-01-15,2023,1,1,15,6,January,Sunday,True,False,False,2,Winter
2023-01-16,2023,1,1,16,0,January,Monday,False,False,False,3,Winter
2023-01-17,2023,1,1,17,1,January,Tuesday,False,False,False,3,Winter
2023-01-18,2023,1,1,18,2,January,Wednesday,False,False,False,3,Winter
2023-01-19,2023,1,1,19,3,January,Thursday,False,False,False,3,Winter
2023-01-20,2023,1,1,20,4,January,Friday,False,False,False,3,Winter
2023-01-21,2023,1,1,21,5,January,Saturday,True,False,False,3,Winter
2023-01-22,2023,1,1,22,6,January,Sunday,True,False,False,3,Winter
2023-01-23,2023,1,1,23,0,January,Monday,False,False,False,4,Winter
2023-01-24,2023,1,1,24,1,January,Tuesday,False,False,False,4,Winter
2023-01-25,2023,1,1,25,2,January,Wednesday,False,False,False,4,Winter
2023-01-26,2023,1,1,26,3,January,Thursday,False,False,False,4,Winter
2023-01-27,2023,1,1,27,4,January,Friday,False,False,False,4,Winter
2023-01-28,2023,1,1,28,5,January,Saturday,True,False,False,4,Winter
2023-01-29,2023,1,1,29,6,January,Sunday,True,False,False,4,Winter
2023-01-30,2023,1,1,30,0,January,Monday,False,False,False,5,Winter
2023-01-31,2023,1,1,31,1,January,Tuesday,False,False,True,5,Winter
2023-02-01,2023,2,1,1,2,February,Wednesday,False,True,False,5,Winter
2023-02-02,2023,2,1,2,3,February,Thursday,False,False,False,5,Winter
2023-02-03,2023,2,1,3,4,February,Friday,False,False,False,5,Winter
2023-02-04,2023,2,1,4,5,February,Saturday,True,False,False,5,Winter
2023-02-05,2023,2,1,5,6,February,Sunday,True,False,False,5,Winter
2023-02-06,2023,2,1,6,0,February,Monday,False,False,False,6,Winter
2023-02-07,2023,2,1,7,1,February,Tuesday,False,False,False,6,Winter
2023-02-08,2023,2,1,8,2,February,Wednesday,False,False,False,6,Winter
2023-02-09,2023,2,1,9,3,February,Thursday,False,False,False,6,Winter
2023-02-10,2023,2,1,10,4,February,Friday,False,False,False,6,Winter
2023-02-11,2023,2,1,11,5,February,Saturday,True,False,False,6,Winter
2023-02-12,2023,2,1,12,6,February,Sunday,True,False,False,6,Winter
2023-02-13,2023,2,1,13,0,February,Monday,False,False,False,7,Winter
2023-02-14,2023,2,1,14,1,February,Tuesday,False,False,False,7,Winter
2023-02-15,2023,2,1,15,2,February,Wednesday,False,False,False,7,Winter
2023-02-16,2023,2,1,16,3,February,Thursday,False,False,False,7,Winter
2023-02-17,2023,2,1,17,4,February,Friday,False,False,False,7,Winter
2023-02-18,2023,2,1,18,5,February,Saturday,True,False,False,7,Winter
2023-02-19,2023,2,1,19,6,February,Sunday,True,False,False,7,Winter
2023-02-20,2023,2,1,20,0,February,Monday,False,False,False,8,Winter
2023-02-21,2023,2,1,21,1,February,Tuesday,False,False,False,8,Winter
2023-02-22,2023,2,1,22,2,February,Wednesday,False,False,False,8,Winter
2023-02-23,2023,2,1,23,3,February,Thursday,False,False,False,8,Winter
2023-02-24,2023,2,1,24,4,February,Friday,False,False,False,8,Winter
2023-02-25,2023,2,1,25,5,February,Saturday,True,False,False,8,Winter
2023-02-26,2023,2,1,26,6,February,Sunday,True,False,False,8,Winter
2023-02-27,2023,2,1,27,0,February,Monday,False,False,False,9,Winter
2023-02-28,2023,2,1,28,1,February,Tuesday,False,False,True,9,Winter
2023-03-01,2023,3,1,1,2,March,Wednesday,False,True,False,9,Spring
2023-03-02,2023,3,1,2,3,March,Thursday,False,False,False,9,Spring
2023-03-03,2023,3,1,3,4,March,Friday,False,False,False,9,Spring
2023-03-04,2023,3,1,4,5,March,Saturday,True,False,False,9,Spring
2023-03-05,2023,3,1,5,6,March,Sunday,True,False,False,9,Spring
2023-03-06,2023,3,1,6,0,March,Monday,False,False,False,10,Spring
2023-03-07,2023,3,1,7,1,March,Tuesday,False,False,False,10,Spring
2023-03-08,2023,3,1,8,2,March,Wednesday,False,False,False,10,Spring
2023-03-09,2023,3,1,9,3,March,Thursday,False,False,False,10,Spring
2023-03-10,2023,3,1,10,4,March,Friday,False,False,False,10,Spring
2023-03-11,2023,3,1,11,5,March,Saturday,True,False,False,10,Spring
2023-03-12,2023,3,1,12,6,March,Sunday,True,False,False,10,Spring
2023-03-13,2023,3,1,13,0,March,Monday,False,False,False,11,Spring
2023-03-14,2023,3,1,14,1,March,Tuesday,False,False,False,11,Spring
2023-03-15,2023,3,1,15,2,March,Wednesday,False,False,False,11,Spring
2023-03-16,2023,3,1,16,3,March,Thursday,False,False,False,11,Spring
2023-03-17,2023,3,1,17,4,March,Friday,False,False,False,11,Spring
2023-03-18,2023,3,1,18,5,March,Saturday,True,False,False,11,Spring
2023-03-19,2023,3,1,19,6,March,Sunday,True,False,False,11,Spring
2023-03-20,2023,3,1,20,0,March,Monday,False,False,False,12,Spring
2023-03-21,2023,3,1,21,1,March,Tuesday,False,False,False,12,Spring
2023-03-22,2023,3,1,22,2,March,Wednesday,False,False,False,12,Spring
2023-03-23,2023,3,1,23,3,March,Thursday,False,False,False,12,Spring
2023-03-24,2023,3,1,24,4,March,Friday,False,False,False,12,Spring
2023-03-25,2023,3,1,25,5,March,Saturday,True,False,False,12,Spring
2023-03-26,2023,3,1,26,6,March,Sunday,True,False,False,12,Spring
2023-03-27,2023,3,1,27,0,March,Monday,False,False,False,13,Spring
2023-03-28,2023,3,1,28,1,March,Tuesday,False,False,False,13,Spring
2023-03-29,2023,3,1,29,2,March,Wednesday,False,False,False,13,Spring
2023-03-30,2023,3,1,30,3,March,Thursday,False,False,False,13,Spring
2023-03-31,2023,3,1,31,4,March,Friday,False,False,True,13,Spring
2023-04-01,2023,4,2,1,5,April,Saturday,True,True,False,13,Spring
2023-04-02,2023,4,2,2,6,April,Sunday,True,False,False,13,Spring
2023-04-03,2023,4,2,3,0,April,Monday,False,False,False,14,Spring
2023-04-04,2023,4,2,4,1,April,Tuesday,False,False,False,14,Spring
2023-04-05,2023,4,2,5,2,April,Wednesday,False,False,False,14,Spring
2023-04-06,2023,4,2,6,3,April,Thursday,False,False,False,14,Spring
2023-04-07,2023,4,2,7,4,April,Friday,False,False,False,14,Spring
2023-04-08,2023,4,2,8,5,April,Saturday,True,False,False,14,Spring
2023-04-09,2023,4,2,9,6,April,Sunday,True,False,False,14,Spring
2023-04-10,2023,4,2,10,0,April,Monday,False,False,False,15,Spring
2023-04-11,2023,4,2,11,1,April,Tuesday,False,False,False,15,Spring
2023-04-12,2023,4,2,12,2,April,Wednesday,False,False,False,15,Spring
2023-04-13,2023,4,2,13,3,April,Thursday,False,False,False,15,Spring
2023-04-14,2023,4,2,14,4,April,Friday,False,False,False,15,Spring
2023-04-15,2023,4,2,15,5,April,Saturday,True,False,False,15,Spring
2023-04-16,2023,4,2,16,6,April,Sunday,True,False,False,15,Spring
2023-04-17,2023,4,2,17,0,April,Monday,False,False,False,16,Spring
2023-04-18,2023,4,2,18,1,April,Tuesday,False,False,False,16,Spring
2023-04-19,2023,4,2,19,2,April,Wednesday,False,False,False,16,Spring
2023-04-20,2023,4,2,20,3,April,Thursday,False,False,False,16,Spring
2023-04-21,2023,4,2,21,4,April,Friday,False,False,False,16,Spring
2023-04-22,2023,4,2,22,5,April,Saturday,True,False,False,16,Spring
2023-04-23,2023,4,2,23,6,April,Sunday,True,False,False,16,Spring
2023-04-24,2023,4,2,24,0,April,Monday,False,False,False,17,Spring
2023-04-25,2023,4,2,25,1,April,Tuesday,False,False,False,17,Spring
2023-04-26,2023,4,2,26,2,April,Wednesday,False,False,False,17,Spring
2023-04-27,2023,4,2,27,3,April,Thursday,False,False,False,17,Spring
2023-04-28,2023,4,2,28,4,April,Friday,False,False,False,17,Spring
2023-04-29,2023,4,2,29,5,April,Saturday,True,False,False,17,Spring
2023-04-30,2023,4,2,30,6,April,Sunday,True,False,True,17,Spring
2023-05-01,2023,5,2,1,0,May,Monday,False,True,False,18,Spring
2023-05-02,2023,5,2,2,1,May,Tuesday,False,False,False,18,Spring
2023-05-03,2023,5,2,3,2,May,Wednesday,False,False,False,18,Spring
2023-05-04,2023,5,2,4,3,May,Thursday,False,False,False,18,Spring
2023-05-05,2023,5,2,5,4,May,Friday,False,False,False,18,Spring
2023-05-06,2023,5,2,6,5,May,Saturday,True,False,False,18,Spring
2023-05-07,2023,5,2,7,6,May,Sunday,True,False,False,18,Spring
2023-05-08,2023,5,2,8,0,May,Monday,False,False,False,19,Spring
2023-05-09,2023,5,2,9,1,May,Tuesday,False,False,False,19,Spring
2023-05-10,2023,5,2,10,2,May,Wednesday,False,False,False,19,Spring
2023-05-11,2023,5,2,11,3,May,Thursday,False,False,False,19,Spring
2023-05-12,2023,5,2,12,4,May,Friday,False,False,False,19,Spring
2023-05-13,2023,5,2,13,5,May,Saturday,True,False,False,19,Spring
2023-05-14,2023,5,2,14,6,May,Sunday,True,False,False,19,Spring
2023-05-15,2023,5,2,15,0,May,Monday,False,False,False,20,Spring
2023-05-16,2023,5,2,16,1,May,Tuesday,False,False,False,20,Spring
2023-05-17,2023,5,2,17,2,May,Wednesday,False,False,False,20,Spring
2023-05-18,2023,5,2,18,3,May,Thursday,False,False,False,20,Spring
2023-05-19,2023,5,2,19,4,May,Friday,False,False,False,20,Spring
2023-05-20,2023,5,2,20,5,May,Saturday,True,False,False,20,Spring
2023-05-21,2023,5,2,21,6,May,Sunday,True,False,False,20,Spring
2023-05-22,2023,5,2,22,0,May,Monday,False,False,False,21,Spring
2023-05-23,2023,5,2,23,1,May,Tuesday,False,False,False,21,Spring
2023-05-24,2023,5,2,24,2,May,Wednesday,False,False,False,21,Spring
2023-05-25,2023,5,2,25,3,May,Thursday,False,False,False,21,Spring
2023-05-26,2023,5,2,26,4,May,Friday,False,False,False,21,Spring
2023-05-27,2023,5,2,27,5,May,Saturday,True,False,False,21,Spring
2023-05-28,2023,5,2,28,6,May,Sunday,True,False,False,21,Spring
2023-05-29,2023,5,2,29,0,May,Monday,False,False,False,22,Spring
2023-05-30,2023,5,2,30,1,May,Tuesday,False,False,False,22,Spring
2023-05-31,2023,5,2,31,2,May,Wednesday,False,False,True,22,Spring
2023-06-01,2023,6,2,1,3,June,Thursday,False,True,False,22,Summer
2023-06-02,2023,6,2,2,4,June,Friday,False,False,False,22,Summer
2023-06-03,2023,6,2,3,5,June,Saturday,True,False,False,22,Summer
2023-06-04,2023,6,2,4,6,June,Sunday,True,False,False,22,Summer
2023-06-05,2023,6,2,5,0,June,Monday,False,False,False,23,Summer
2023-06-06,2023,6,2,6,1,June,Tuesday,False,False,False,23,Summer
2023-06-07,2023,6,2,7,2,June,Wednesday,False,False,False,23,Summer
2023-06-08,2023,6,2,8,3,June,Thursday,False,False,False,23,Summer
2023-06-09,2023,6,2,9,4,June,Friday,False,False,False,23,Summer
2023-06-10,2023,6,2,10,5,June,Saturday,True,False,False,23,Summer
2023-06-11,2023,6,2,11,6,June,Sunday,True,False,False,23,Summer
2023-06-12,2023,6,2,12,0,June,Monday,False,False,False,24,Summer
2023-06-13,2023,6,2,13,1,June,Tuesday,False,False,False,24,Summer
2023-06-14,2023,6,2,14,2,June,Wednesday,False,False,False,24,Summer
2023-06-15,2023,6,2,15,3,June,Thursday,False,False,False,24,Summer
2023-06-16,2023,6,2,16,4,June,Friday,False,False,False,24,Summer
2023-06-17,2023,6,2,17,5,June,Saturday,True,False,False,24,Summer
2023-06-18,2023,6,2,18,6,June,Sunday,True,False,False,24,Summer
2023-06-19,2023,6,2,19,0,June,Monday,False,False,False,25,Summer
2023-06-20,2023,6,2,20,1,June,Tuesday,False,False,False,25,Summer
2023-06-21,2023,6,2,21,2,June,Wednesday,False,False,False,25,Summer
2023-06-22,2023,6,2,22,3,June,Thursday,False,False,False,25,Summer
2023-06-23,2023,6,2,23,4,June,Friday,False,False,False,25,Summer
2023-06-24,2023,6,2,24,5,June,Saturday,True,False,False,25,Summer
2023-06-25,2023,6,2,25,6,June,Sunday,True,False,False,25,Summer
2023-06-26,2023,6,2,26,0,June,Monday,False,False,False,26,Summer
2023-06-27,2023,6,2,27,1,June,Tuesday,False,False,False,26,Summer
2023-06-28,2023,6,2,28,2,June,Wednesday,False,False,False,26,Summer
2023-06-29,2023,6,2,29,3,June,Thursday,False,False,False,26,Summer
2023-06-30,2023,6,2,30,4,June,Friday,False,False,True,26,Summer
2023-07-01,2023,7,3,1,5,July,Saturday,True,True,False,26,Summer
2023-07-02,2023,7,3,2,6,July,Sunday,True,False,False,26,Summer
2023-07-03,2023,7,3,3,0,July,Monday,False,False,False,27,Summer
2023-07-04,2023,7,3,4,1,July,Tuesday,False,False,False,27,Summer
2023-07-05,2023,7,3,5,2,July,Wednesday,False,False,False,27,Summer
2023-07-06,2023,7,3,6,3,July,Thursday,False,False,False,27,Summer
2023-07-07,2023,7,3,7,4,July,Friday,False,False,False,27,Summer
2023-07-08,2023,7,3,8,5,July,Saturday,True,False,False,27,Summer
2023-07-09,2023,7,3,9,6,July,Sunday,True,False,False,27,Summer
2023-07-10,2023,7,3,10,0,July,Monday,False,False,False,28,Summer
2023-07-11,2023,7,3,11,1,July,Tuesday,False,False,False,28,Summer
2023-07-12,2023,7,3,12,2,July,Wednesday,False,False,False,28,Summer
2023-07-13,2023,7,3,13,3,July,Thursday,False,False,False,28,Summer
2023-07-14,2023,7,3,14,4,July,Friday,False,False,False,28,Summer
2023-07-15,2023,7,3,15,5,July,Saturday,True,False,False,28,Summer
2023-07-16,2023,7,3,16,6,July,Sunday,True,False,False,28,Summer
2023-07-17,2023,7,3,17,0,July,Monday,False,False,False,29,Summer
2023-07-18,2023,7,3,18,1,July,Tuesday,False,False,False,29,Summer
2023-07-19,2023,7,3,19,2,July,Wednesday,False,False,False,29,Summer
2023-07-20,2023,7,3,20,3,July,Thursday,False,False,False,29,Summer
2023-07-21,2023,7,3,21,4,July,Friday,False,False,False,29,Summer
2023-07-22,2023,7,3,22,5,July,Saturday,True,False,False,29,Summer
2023-07-23,2023,7,3,23,6,July,Sunday,True,False,False,29,Summer
2023-07-24,2023,7,3,24,0,July,Monday,False,False,False,30,Summer
2023-07-25,2023,7,3,25,1,July,Tuesday,False,False,False,30,Summer
2023-07-26,2023,7,3,26,2,July,Wednesday,False,False,False,30,Summer
2023-07-27,2023,7,3,27,3,July,Thursday,False,False,False,30,Summer
2023-07-28,2023,7,3,28,4,July,Friday,False,False,False,30,Summer
2023-07-29,2023,7,3,29,5,July,Saturday,True,False,False,30,Summer
2023-07-30,2023,7,3,30,6,July,Sunday,True,False,False,30,Summer
2023-07-31,2023,7,3,31,0,July,Monday,False,False,True,31,Summer
2023-08-01,2023,8,3,1,1,August,Tuesday,False,True,False,31,Summer
2023-08-02,2023,8,3,2,2,August,Wednesday,False,False,False,31,Summer
2023-08-03,2023,8,3,3,3,August,Thursday,False,False,False,31,Summer
2023-08-04,2023,8,3,4,4,August,Friday,False,False,False,31,Summer
2023-08-05,2023,8,3,5,5,August,Saturday,True,False,False,31,Summer
2023-08-06,2023,8,3,6,6,August,Sunday,True,False,False,31,Summer
2023-08-07,2023,8,3,7,0,August,Monday,False,False,False,32,Summer
2023-08-08,2023,8,3,8,1,August,Tuesday,False,False,False,32,Summer
2023-08-09,2023,8,3,9,2,August,Wednesday,False,False,False,32,Summer
2023-08-10,2023,8,3,10,3,August,Thursday,False,False,False,32,Summer
2023-08-11,2023,8,3,11,4,August,Friday,False,False,False,32,Summer
2023-08-12,2023,8,3,12,5,August,Saturday,True,False,False,32,Summer
2023-08-13,2023,8,3,13,6,August,Sunday,True,False,False,32,Summer
2023-08-14,2023,8,3,14,0,August,Monday,False,False,False,33,Summer
2023-08-15,2023,8,3,15,1,August,Tuesday,False,False,False,33,Summer
2023-08-16,2023,8,3,16,2,August,Wednesday,False,False,False,33,Summer
2023-08-17,2023,8,3,17,3,August,Thursday,False,False,False,33,Summer
2023-08-18,2023,8,3,18,4,August,Friday,False,False,False,33,Summer
2023-08-19,2023,8,3,19,5,August,Saturday,True,False,False,33,Summer
2023-08-20,2023,8,3,20,6,August,Sunday,True,False,False,33,Summer
2023-08-21,2023,8,3,21,0,August,Monday,False,False,False,34,Summer
2023-08-22,2023,8,3,22,1,August,Tuesday,False,False,False,34,Summer
2023-08-23,2023,8,3,23,2,August,Wednesday,False,False,False,34,Summer
2023-08-24,2023,8,3,24,3,August,Thursday,False,False,False,34,Summer
2023-08-25,2023,8,3,25,4,August,Friday,False,False,False,34,Summer
2023-08-26,2023,8,3,26,5,August,Saturday,True,False,False,34,Summer
2023-08-27,2023,8,3,27,6,August,Sunday,True,False,False,34,Summer
2023-08-28,2023,8,3,28,0,August,Monday,False,False,False,35,Summer
2023-08-29,2023,8,3,29,1,August,Tuesday,False,False,False,35,Summer
2023-08-30,2023,8,3,30,2,August,Wednesday,False,False,False,35,Summer
2023-08-31,2023,8,3,31,3,August,Thursday,False,False,True,35,Summer
2023-09-01,2023,9,3,1,4,September,Friday,False,True,False,35,Fall
2023-09-02,2023,9,3,2,5,September,Saturday,True,False,False,35,Fall
2023-09-03,2023,9,3,3,6,September,Sunday,True,False,False,35,Fall
2023-09-04,2023,9,3,4,0,September,Monday,False,False,False,36,Fall
2023-09-05,2023,9,3,5,1,September,Tuesday,False,False,False,36,Fall
2023-09-06,2023,9,3,6,2,September,Wednesday,False,False,False,36,Fall
2023-09-07,2023,9,3,7,3,September,Thursday,False,False,False,36,Fall
2023-09-08,2023,9,3,8,4,September,Friday,False,False,False,36,Fall
2023-09-09,2023,9,3,9,5,September,Saturday,True,False,False,36,Fall
2023-09-10,2023,9,3,10,6,September,Sunday,True,False,False,36,Fall
2023-09-11,2023,9,3,11,0,September,Monday,False,False,False,37,Fall
2023-09-12,2023,9,3,12,1,September,Tuesday,False,False,False,37,Fall
2023-09-13,2023,9,3,13,2,September,Wednesday,False,False,False,37,Fall
2023-09-14,2023,9,3,14,3,September,Thursday,False,False,False,37,Fall
2023-09-15,2023,9,3,15,4,September,Friday,False,False,False,37,Fall
2023-09-16,2023,9,3,16,5,September,Saturday,True,False,False,37,Fall
2023-09-17,2023,9,3,17,6,September,Sunday,True,False,False,37,Fall
2023-09-18,2023,9,3,18,0,September,Monday,False,False,False,38,Fall
2023-09-19,2023,9,3,19,1,September,Tuesday,False,False,False,38,Fall
2023-09-20,2023,9,3,20,2,September,Wednesday,False,False,False,38,Fall
2023-09-21,2023,9,3,21,3,September,Thursday,False,False,False,38,Fall
2023-09-22,2023,9,3,22,4,September,Friday,False,False,False,38,Fall
2023-09-23,2023,9,3,23,5,September,Saturday,True,False,False,38,Fall
2023-09-24,2023,9,3,24,6,September,Sunday,True,False,False,38,Fall
2023-09-25,2023,9,3,25,0,September,Monday,False,False,False,39,Fall
2023-09-26,2023,9,3,26,1,September,Tuesday,False,False,False,39,Fall
2023-09-27,2023,9,3,27,2,September,Wednesday,False,False,False,39,Fall
2023-09-28,2023,9,3,28,3,September,Thursday,False,False,False,39,Fall
2023-09-29,2023,9,3,29,4,September,Friday,False,False,False,39,Fall
2023-09-30,2023,9,3,30,5,September,Saturday,True,False,True,39,Fall
2023-10-01,2023,10,4,1,6,October,Sunday,True,True,False,39,Fall
2023-10-02,2023,10,4,2,0,October,Monday,False,False,False,40,Fall
2023-10-03,2023,10,4,3,1,October,Tuesday,False,False,False,40,Fall
2023-10-04,2023,10,4,4,2,October,Wednesday,False,False,False,40,Fall
2023-10-05,2023,10,4,5,3,October,Thursday,False,False,False,40,Fall
2023-10-06,2023,10,4,6,4,October,Friday,False,False,False,40,Fall
2023-10-07,2023,10,4,7,5,October,Saturday,True,False,False,40,Fall
2023-10-08,2023,10,4,8,6,October,Sunday,True,False,False,40,Fall
2023-10-09,2023,10,4,9,0,October,Monday,False,False,False,41,Fall
2023-10-10,2023,10,4,10,1,October,Tuesday,False,False,False,41,Fall
2023-10-11,2023,10,4,11,2,October,Wednesday,False,False,False,41,Fall
2023-10-12,2023,10,4,12,3,October,Thursday,False,False,False,41,Fall
2023-10-13,2023,10,4,13,4,October,Friday,False,False,False,41,Fall
2023-10-14,2023,10,4,14,5,October,Saturday,True,False,False,41,Fall
2023-10-15,2023,10,4,15,6,October,Sunday,True,False,False,41,Fall
2023-10-16,2023,10,4,16,0,October,Monday,False,False,False,42,Fall
2023-10-17,2023,10,4,17,1,October,Tuesday,False,False,False,42,Fall
2023-10-18,2023,10,4,18,2,October,Wednesday,False,False,False,42,Fall
2023-10-19,2023,10,4,19,3,October,Thursday,False,False,False,42,Fall
2023-10-20,2023,10,4,20,4,October,Friday,False,False,False,42,Fall
2023-10-21,2023,10,4,21,5,October,Saturday,True,False,False,42,Fall
2023-10-22,2023,10,4,22,6,October,Sunday,True,False,False,42,Fall
2023-10-23,2023,10,4,23,0,October,Monday,False,False,False,43,Fall
2023-10-24,2023,10,4,24,1,October,Tuesday,False,False,False,43,Fall
2023-10-25,2023,10,4,25,2,October,Wednesday,False,False,False,43,Fall
2023-10-26,2023,10,4,26,3,October,Thursday,False,False,False,43,Fall
2023-10-27,2023,10,4,27,4,October,Friday,False,False,False,43,Fall
2023-10-28,2023,10,4,28,5,October,Saturday,True,False,False,43,Fall
2023-10-29,2023,10,4,29,6,October,Sunday,True,False,False,43,Fall
2023-10-30,2023,10,4,30,0,October,Monday,False,False,False,44,Fall
2023-10-31,2023,10,4,31,1,October,Tuesday,False,False,True,44,Fall
2023-11-01,2023,11,4,1,2,November,Wednesday,False,True,False,44,Fall
2023-11-02,2023,11,4,2,3,November,Thursday,False,False,False,44,Fall
2023-11-03,2023,11,4,3,4,November,Friday,False,False,False,44,Fall
2023-11-04,2023,11,4,4,5,November,Saturday,True,False,False,44,Fall
2023-11-05,2023,11,4,5,6,November,Sunday,True,False,False,44,Fall
2023-11-06,2023,11,4,6,0,November,Monday,False,False,False,45,Fall
2023-11-07,2023,11,4,7,1,November,Tuesday,False,False,False,45,Fall
2023-11-08,2023,11,4,8,2,November,Wednesday,False,False,False,45,Fall
2023-11-09,2023,11,4,9,3,November,Thursday,False,False,False,45,Fall
2023-11-10,2023,11,4,10,4,November,Friday,False,False,False,45,Fall
2023-11-11,2023,11,4,11,5,November,Saturday,True,False,False,45,Fall
2023-11-12,2023,11,4,12,6,November,Sunday,True,False,False,45,Fall
2023-11-13,2023,11,4,13,0,November,Monday,False,False,False,46,Fall
2023-11-14,2023,11,4,14,1,November,Tuesday,False,False,False,46,Fall
2023-11-15,2023,11,4,15,2,November,Wednesday,False,False,False,46,Fall
2023-11-16,2023,11,4,16,3,November,Thursday,False,False,False,46,Fall
2023-11-17,2023,11,4,17,4,November,Friday,False,False,False,46,Fall
2023-11-18,2023,11,4,18,5,November,Saturday,True,False,False,46,Fall
2023-11-19,2023,11,4,19,6,November,Sunday,True,False,False,46,Fall
2023-11-20,2023,11,4,20,0,November,Monday,False,False,False,47,Fall
2023-11-21,2023,11,4,21,1,November,Tuesday,False,False,False,47,Fall
2023-11-22,2023,11,4,22,2,November,Wednesday,False,False,False,47,Fall
2023-11-23,2023,11,4,23,3,November,Thursday,False,False,False,47,Fall
2023-11-24,2023,11,4,24,4,November,Friday,False,False,False,47,Fall
2023-11-25,2023,11,4,25,5,November,Saturday,True,False,False,47,Fall
2023-11-26,2023,11,4,26,6,November,Sunday,True,False,False,47,Fall
2023-11-27,2023,11,4,27,0,November,Monday,False,False,False,48,Fall
2023-11-28,2023,11,4,28,1,November,Tuesday,False,False,False,48,Fall
2023-11-29,2023,11,4,29,2,November,Wednesday,False,False,False,48,Fall
2023-11-30,2023,11,4,30,3,November,Thursday,False,False,True,48,Fall
2023-12-01,2023,12,4,1,4,December,Friday,False,True,False,48,Winter
2023-12-02,2023,12,4,2,5,December,Saturday,True,False,False,48,Winter
2023-12-03,2023,12,4,3,6,December,Sunday,True,False,False,48,Winter
2023-12-04,2023,12,4,4,0,December,Monday,False,False,False,49,Winter
2023-12-05,2023,12,4,5,1,December,Tuesday,False,False,False,49,Winter
2023-12-06,2023,12,4,6,2,December,Wednesday,False,False,False,49,Winter
2023-12-07,2023,12,4,7,3,December,Thursday,False,False,False,49,Winter
2023-12-08,2023,12,4,8,4,December,Friday,False,False,False,49,Winter
2023-12-09,2023,12,4,9,5,December,Saturday,True,False,False,49,Winter
2023-12-10,2023,12,4,10,6,December,Sunday,True,False,False,49,Winter
2023-12-11,2023,12,4,11,0,December,Monday,False,False,False,50,Winter
2023-12-12,2023,12,4,12,1,December,Tuesday,False,False,False,50,Winter
2023-12-13,2023,12,4,13,2,December,Wednesday,False,False,False,50,Winter
2023-12-14,2023,12,4,14,3,December,Thursday,False,False,False,50,Winter
2023-12-15,2023,12,4,15,4,December,Friday,False,False,False,50,Winter
2023-12-16,2023,12,4,16,5,December,Saturday,True,False,False,50,Winter
2023-12-17,2023,12,4,17,6,December,Sunday,True,False,False,50,Winter
2023-12-18,2023,12,4,18,0,December,Monday,False,False,False,51,Winter
2023-12-19,2023,12,4,19,1,December,Tuesday,False,False,False,51,Winter
2023-12-20,2023,12,4,20,2,December,Wednesday,False,False,False,51,Winter
2023-12-21,2023,12,4,21,3,December,Thursday,False,False,False,51,Winter
2023-12-22,2023,12,4,22,4,December,Friday,False,False,False,51,Winter
2023-12-23,2023,12,4,23,5,December,Saturday,True,False,False,51,Winter
2023-12-24,2023,12,4,24,6,December,Sunday,True,False,False,51,Winter
2023-12-25,2023,12,4,25,0,December,Monday,False,False,False,52,Winter
2023-12-26,2023,12,4,26,1,December,Tuesday,False,False,False,52,Winter
2023-12-27,2023,12,4,27,2,December,Wednesday,False,False,False,52,Winter
2023-12-28,2023,12,4,28,3,December,Thursday,False,False,False,52,Winter
2023-12-29,2023,12,4,29,4,December,Friday,False,False,False,52,Winter
2023-12-30,2023,12,4,30,5,December,Saturday,True,False,False,52,Winter
2023-12-31,2023,12,4,31,6,December,Sunday,True,False,True,52,Winter
2024-01-01,2024,1,1,1,0,January,Monday,False,True,False,1,Winter
2024-01-02,2024,1,1,2,1,January,Tuesday,False,False,False,1,Winter
2024-01-03,2024,1,1,3,2,January,Wednesday,False,False,False,1,Winter
2024-01-04,2024,1,1,4,3,January,Thursday,False,False,False,1,Winter
2024-01-05,2024,1,1,5,4,January,Friday,False,False,False,1,Winter
2024-01-06,2024,1,1,6,5,January,Saturday,True,False,False,1,Winter
2024-01-07,2024,1,1,7,6,January,Sunday,True,False,False,1,Winter
2024-01-08,2024,1,1,8,0,January,Monday,False,False,False,2,Winter
2024-01-09,2024,1,1,9,1,January,Tuesday,False,False,False,2,Winter
2024-01-10,2024,1,1,10,2,January,Wednesday,False,False,False,2,Winter
2024-01-11,2024,1,1,11,3,January,Thursday,False,False,False,2,Winter
2024-01-12,2024,1,1,12,4,January,Friday,False,False,False,2,Winter
2024-01-13,2024,1,1,13,5,January,Saturday,True,False,False,2,Winter
2024-01-14,2024,1,1,14,6,January,Sunday,True,False,False,2,Winter
2024-01-15,2024,1,1,15,0,January,Monday,False,False,False,3,Winter
2024-01-16,2024,1,1,16,1,January,Tuesday,False,False,False,3,Winter
2024-01-17,2024,1,1,17,2,January,Wednesday,False,False,False,3,Winter
2024-01-18,2024,1,1,18,3,January,Thursday,False,False,False,3,Winter
2024-01-19,2024,1,1,19,4,January,Friday,False,False,False,3,Winter
2024-01-20,2024,1,1,20,5,January,Saturday,True,False,False,3,Winter
2024-01-21,2024,1,1,21,6,January,Sunday,True,False,False,3,Winter
2024-01-22,2024,1,1,22,0,January,Monday,False,False,False,4,Winter
2024-01-23,2024,1,1,23,1,January,Tuesday,False,False,False,4,Winter
2024-01-24,2024,1,1,24,2,January,Wednesday,False,False,False,4,Winter
2024-01-25,2024,1,1,25,3,January,Thursday,False,False,False,4,Winter
2024-01-26,2024,1,1,26,4,January,Friday,False,False,False,4,Winter
2024-01-27,2024,1,1,27,5,January,Saturday,True,False,False,4,Winter
2024-01-28,2024,1,1,28,6,January,Sunday,True,False,False,4,Winter
2024-01-29,2024,1,1,29,0,January,Monday,False,False,False,5,Winter
2024-01-30,2024,1,1,30,1,January,Tuesday,False,False,False,5,Winter
2024-01-31,2024,1,1,31,2,January,Wednesday,False,False,True,5,Winter
2024-02-01,2024,2,1,1,3,February,Thursday,False,True,False,5,Winter
2024-02-02,2024,2,1,2,4,February,Friday,False,False,False,5,Winter
2024-02-03,2024,2,1,3,5,February,Saturday,True,False,False,5,Winter
2024-02-04,2024,2,1,4,6,February,Sunday,True,False,False,5,Winter
2024-02-05,2024,2,1,5,0,February,Monday,False,False,False,6,Winter
2024-02-06,2024,2,1,6,1,February,Tuesday,False,False,False,6,Winter
2024-02-07,2024,2,1,7,2,February,Wednesday,False,False,False,6,Winter
2024-02-08,2024,2,1,8,3,February,Thursday,False,False,False,6,Winter
2024-02-09,2024,2,1,9,4,February,Friday,False,False,False,6,Winter
2024-02-10,2024,2,1,10,5,February,Saturday,True,False,False,6,Winter
2024-02-11,2024,2,1,11,6,February,Sunday,True,False,False,6,Winter
2024-02-12,2024,2,1,12,0,February,Monday,False,False,False,7,Winter
2024-02-13,2024,2,1,13,1,February,Tuesday,False,False,False,7,Winter
2024-02-14,2024,2,1,14,2,February,Wednesday,False,False,False,7,Winter
2024-02-15,2024,2,1,15,3,February,Thursday,False,False,False,7,Winter
2024-02-16,2024,2,1,16,4,February,Friday,False,False,False,7,Winter
2024-02-17,2024,2,1,17,5,February,Saturday,True,False,False,7,Winter
2024-02-18,2024,2,1,18,6,February,Sunday,True,False,False,7,Winter
2024-02-19,2024,2,1,19,0,February,Monday,False,False,False,8,Winter
2024-02-20,2024,2,1,20,1,February,Tuesday,False,False,False,8,Winter
2024-02-21,2024,2,1,21,2,February,Wednesday,False,False,False,8,Winter
2024-02-22,2024,2,1,22,3,February,Thursday,False,False,False,8,Winter
2024-02-23,2024,2,1,23,4,February,Friday,False,False,False,8,Winter
2024-02-24,2024,2,1,24,5,February,Saturday,True,False,False,8,Winter
2024-02-25,2024,2,1,25,6,February,Sunday,True,False,False,8,Winter
2024-02-26,2024,2,1,26,0,February,Monday,False,False,False,9,Winter
2024-02-27,2024,2,1,27,1,February,Tuesday,False,False,False,9,Winter
2024-02-28,2024,2,1,28,2,February,Wednesday,False,False,False,9,Winter
2024-02-29,2024,2,1,29,3,February,Thursday,False,False,True,9,Winter
2024-03-01,2024,3,1,1,4,March,Friday,False,True,False,9,Spring
2024-03-02,2024,3,1,2,5,March,Saturday,True,False,False,9,Spring
2024-03-03,2024,3,1,3,6,March,Sunday,True,False,False,9,Spring
2024-03-04,2024,3,1,4,0,March,Monday,False,False,False,10,Spring
2024-03-05,2024,3,1,5,1,March,Tuesday,False,False,False,10,Spring
2024-03-06,2024,3,1,6,2,March,Wednesday,False,False,False,10,Spring
2024-03-07,2024,3,1,7,3,March,Thursday,False,False,False,10,Spring
2024-03-08,2024,3,1,8,4,March,Friday,False,False,False,10,Spring
2024-03-09,2024,3,1,9,5,March,Saturday,True,False,False,10,Spring
2024-03-10,2024,3,1,10,6,March,Sunday,True,False,False,10,Spring
2024-03-11,2024,3,1,11,0,March,Monday,False,False,False,11,Spring
2024-03-12,2024,3,1,12,1,March,Tuesday,False,False,False,11,Spring
2024-03-13,2024,3,1,13,2,March,Wednesday,False,False,False,11,Spring
2024-03-14,2024,3,1,14,3,March,Thursday,False,False,False,11,Spring
2024-03-15,2024,3,1,15,4,March,Friday,False,False,False,11,Spring
2024-03-16,2024,3,1,16,5,March,Saturday,True,False,False,11,Spring
2024-03-17,2024,3,1,17,6,March,Sunday,True,False,False,11,Spring
2024-03-18,2024,3,1,18,0,March,Monday,False,False,False,12,Spring
2024-03-19,2024,3,1,19,1,March,Tuesday,False,False,False,12,Spring
2024-03-20,2024,3,1,20,2,March,Wednesday,False,False,False,12,Spring
2024-03-21,2024,3,1,21,3,March,Thursday,False,False,False,12,Spring
2024-03-22,2024,3,1,22,4,March,Friday,False,False,False,12,Spring
2024-03-23,2024,3,1,23,5,March,Saturday,True,False,False,12,Spring
2024-03-24,2024,3,1,24,6,March,Sunday,True,False,False,12,Spring
2024-03-25,2024,3,1,25,0,March,Monday,False,False,False,13,Spring
2024-03-26,2024,3,1,26,1,March,Tuesday,False,False,False,13,Spring
2024-03-27,2024,3,1,27,2,March,Wednesday,False,False,False,13,Spring
2024-03-28,2024,3,1,28,3,March,Thursday,False,False,False,13,Spring
2024-03-29,2024,3,1,29,4,March,Friday,False,False,False,13,Spring
2024-03-30,2024,3,1,30,5,March,Saturday,True,False,False,13,Spring
2024-03-31,2024,3,1,31,6,March,Sunday,True,False,True,13,Spring
2024-04-01,2024,4,2,1,0,April,Monday,False,True,False,14,Spring
2024-04-02,2024,4,2,2,1,April,Tuesday,False,False,False,14,Spring
2024-04-03,2024,4,2,3,2,April,Wednesday,False,False,False,14,Spring
2024-04-04,2024,4,2,4,3,April,Thursday,False,False,False,14,Spring
2024-04-05,2024,4,2,5,4,April,Friday,False,False,False,14,Spring
2024-04-06,2024,4,2,6,5,April,Saturday,True,False,False,14,Spring
2024-04-07,2024,4,2,7,6,April,Sunday,True,False,False,14,Spring
2024-04-08,2024,4,2,8,0,April,Monday,False,False,False,15,Spring
2024-04-09,2024,4,2,9,1,April,Tuesday,False,False,False,15,Spring
2024-04-10,2024,4,2,10,2,April,Wednesday,False,False,False,15,Spring
2024-04-11,2024,4,2,11,3,April,Thursday,False,False,False,15,Spring
2024-04-12,2024,4,2,12,4,April,Friday,False,False,False,15,Spring
2024-04-13,2024,4,2,13,5,April,Saturday,True,False,False,15,Spring
2024-04-14,2024,4,2,14,6,April,Sunday,True,False,False,15,Spring
2024-04-15,2024,4,2,15,0,April,Monday,False,False,False,16,Spring
2024-04-16,2024,4,2,16,1,April,Tuesday,False,False,False,16,Spring
2024-04-17,2024,4,2,17,2,April,Wednesday,False,False,False,16,Spring
2024-04-18,2024,4,2,18,3,April,Thursday,False,False,False,16,Spring
2024-04-19,2024,4,2,19,4,April,Friday,False,False,False,16,Spring
2024-04-20,2024,4,2,20,5,April,Saturday,True,False,False,16,Spring
2024-04-21,2024,4,2,21,6,April,Sunday,True,False,False,16,Spring
2024-04-22,2024,4,2,22,0,April,Monday,False,False,False,17,Spring
2024-04-23,2024,4,2,23,1,April,Tuesday,False,False,False,17,Spring
2024-04-24,2024,4,2,24,2,April,Wednesday,False,False,False,17,Spring
2024-04-25,2024,4,2,25,3,April,Thursday,False,False,False,17,Spring
2024-04-26,2024,4,2,26,4,April,Friday,False,False,False,17,Spring
2024-04-27,2024,4,2,27,5,April,Saturday,True,False,False,17,Spring
2024-04-28,2024,4,2,28,6,April,Sunday,True,False,False,17,Spring
2024-04-29,2024,4,2,29,0,April,Monday,False,False,False,18,Spring
2024-04-30,2024,4,2,30,1,April,Tuesday,False,False,True,18,Spring
2024-05-01,2024,5,2,1,2,May,Wednesday,False,True,False,18,Spring
2024-05-02,2024,5,2,2,3,May,Thursday,False,False,False,18,Spring
2024-05-03,2024,5,2,3,4,May,Friday,False,False,False,18,Spring
2024-05-04,2024,5,2,4,5,May,Saturday,True,False,False,18,Spring
2024-05-05,2024,5,2,5,6,May,Sunday,True,False,False,18,Spring
2024-05-06,2024,5,2,6,0,May,Monday,False,False,False,19,Spring
2024-05-07,2024,5,2,7,1,May,Tuesday,False,False,False,19,Spring
2024-05-08,2024,5,2,8,2,May,Wednesday,False,False,False,19,Spring
2024-05-09,2024,5,2,9,3,May,Thursday,False,False,False,19,Spring
2024-05-10,2024,5,2,10,4,May,Friday,False,False,False,19,Spring
2024-05-11,2024,5,2,11,5,May,Saturday,True,False,False,19,Spring
2024-05-12,2024,5,2,12,6,May,Sunday,True,False,False,19,Spring
2024-05-13,2024,5,2,13,0,May,Monday,False,False,False,20,Spring
2024-05-14,2024,5,2,14,1,May,Tuesday,False,False,False,20,Spring
2024-05-15,2024,5,2,15,2,May,Wednesday,False,False,False,20,Spring
2024-05-16,2024,5,2,16,3,May,Thursday,False,False,False,20,Spring
2024-05-17,2024,5,2,17,4,May,Friday,False,False,False,20,Spring
2024-05-18,2024,5,2,18,5,May,Saturday,True,False,False,20,Spring
2024-05-19,2024,5,2,19,6,May,Sunday,True,False,False,20,Spring
2024-05-20,2024,5,2,20,0,May,Monday,False,False,False,21,Spring
2024-05-21,2024,5,2,21,1,May,Tuesday,False,False,False,21,Spring
2024-05-22,2024,5,2,22,2,May,Wednesday,False,False,False,21,Spring
2024-05-23,2024,5,2,23,3,May,Thursday,False,False,False,21,Spring
2024-05-24,2024,5,2,24,4,May,Friday,False,False,False,21,Spring
2024-05-25,2024,5,2,25,5,May,Saturday,True,False,False,21,Spring
2024-05-26,2024,5,2,26,6,May,Sunday,True,False,False,21,Spring
2024-05-27,2024,5,2,27,0,May,Monday,False,False,False,22,Spring
2024-05-28,2024,5,2,28,1,May,Tuesday,False,False,False,22,Spring
2024-05-29,2024,5,2,29,2,May,Wednesday,False,False,False,22,Spring
2024-05-30,2024,5,2,30,3,May,Thursday,False,False,False,22,Spring
2024-05-31,2024,5,2,31,4,May,Friday,False,False,True,22,Spring
2024-06-01,2024,6,2,1,5,June,Saturday,True,True,False,22,Summer
2024-06-02,2024,6,2,2,6,June,Sunday,True,False,False,22,Summer
2024-06-03,2024,6,2,3,0,June,Monday,False,False,False,23,Summer
2024-06-04,2024,6,2,4,1,June,Tuesday,False,False,False,23,Summer
2024-06-05,2024,6,2,5,2,June,Wednesday,False,False,False,23,Summer
2024-06-06,2024,6,2,6,3,June,Thursday,False,False,False,23,Summer
2024-06-07,2024,6,2,7,4,June,Friday,False,False,False,23,Summer
2024-06-08,2024,6,2,8,5,June,Saturday,True,False,False,23,Summer
2024-06-09,2024,6,2,9,6,June,Sunday,True,False,False,23,Summer
2024-06-10,2024,6,2,10,0,June,Monday,False,False,False,24,Summer
2024-06-11,2024,6,2,11,1,June,Tuesday,False,False,False,24,Summer
2024-06-12,2024,6,2,12,2,June,Wednesday,False,False,False,24,Summer
2024-06-13,2024,6,2,13,3,June,Thursday,False,False,False,24,Summer
2024-06-14,2024,6,2,14,4,June,Friday,False,False,False,24,Summer
2024-06-15,2024,6,2,15,5,June,Saturday,True,False,False,24,Summer
2024-06-16,2024,6,2,16,6,June,Sunday,True,False,False,24,Summer
2024-06-17,2024,6,2,17,0,June,Monday,False,False,False,25,Summer
2024-06-18,2024,6,2,18,1,June,Tuesday,False,False,False,25,Summer
2024-06-19,2024,6,2,19,2,June,Wednesday,False,False,False,25,Summer
2024-06-20,2024,6,2,20,3,June,Thursday,False,False,False,25,Summer
2024-06-21,2024,6,2,21,4,June,Friday,False,False,False,25,Summer
2024-06-22,2024,6,2,22,5,June,Saturday,True,False,False,25,Summer
2024-06-23,2024,6,2,23,6,June,Sunday,True,False,False,25,Summer
2024-06-24,2024,6,2,24,0,June,Monday,False,False,False,26,Summer
2024-06-25,2024,6,2,25,1,June,Tuesday,False,False,False,26,Summer
2024-06-26,2024,6,2,26,2,June,Wednesday,False,False,False,26,Summer
2024-06-27,2024,6,2,27,3,June,Thursday,False,False,False,26,Summer
2024-06-28,2024,6,2,28,4,June,Friday,False,False,False,26,Summer
2024-06-29,2024,6,2,29,5,June,Saturday,True,False,False,26,Summer
2024-06-30,2024,6,2,30,6,June,Sunday,True,False,True,26,Summer
2024-07-01,2024,7,3,1,0,July,Monday,False,True,False,27,Summer
2024-07-02,2024,7,3,2,1,July,Tuesday,False,False,False,27,Summer
2024-07-03,2024,7,3,3,2,July,Wednesday,False,False,False,27,Summer
2024-07-04,2024,7,3,4,3,July,Thursday,False,False,False,27,Summer
2024-07-05,2024,7,3,5,4,July,Friday,False,False,False,27,Summer
2024-07-06,2024,7,3,6,5,July,Saturday,True,False,False,27,Summer
2024-07-07,2024,7,3,7,6,July,Sunday,True,False,False,27,Summer
2024-07-08,2024,7,3,8,0,July,Monday,False,False,False,28,Summer
2024-07-09,2024,7,3,9,1,July,Tuesday,False,False,False,28,Summer
2024-07-10,2024,7,3,10,2,July,Wednesday,False,False,False,28,Summer
2024-07-11,2024,7,3,11,3,July,Thursday,False,False,False,28,Summer
2024-07-12,2024,7,3,12,4,July,Friday,False,False,False,28,Summer
2024-07-13,2024,7,3,13,5,July,Saturday,True,False,False,28,Summer
2024-07-14,2024,7,3,14,6,July,Sunday,True,False,False,28,Summer
2024-07-15,2024,7,3,15,0,July,Monday,False,False,False,29,Summer
2024-07-16,2024,7,3,16,1,July,Tuesday,False,False,False,29,Summer
2024-07-17,2024,7,3,17,2,July,Wednesday,False,False,False,29,Summer
2024-07-18,2024,7,3,18,3,July,Thursday,False,False,False,29,Summer
2024-07-19,2024,7,3,19,4,July,Friday,False,False,False,29,Summer
2024-07-20,2024,7,3,20,5,July,Saturday,True,False,False,29,Summer
2024-07-21,2024,7,3,21,6,July,Sunday,True,False,False,29,Summer
2024-07-22,2024,7,3,22,0,July,Monday,False,False,False,30,Summer
2024-07-23,2024,7,3,23,1,July,Tuesday,False,False,False,30,Summer
2024-07-24,2024,7,3,24,2,July,Wednesday,False,False,False,30,Summer
2024-07-25,2024,7,3,25,3,July,Thursday,False,False,False,30,Summer
2024-07-26,2024,7,3,26,4,July,Friday,False,False,False,30,Summer
2024-07-27,2024,7,3,27,5,July,Saturday,True,False,False,30,Summer
2024-07-28,2024,7,3,28,6,July,Sunday,True,False,False,30,Summer
2024-07-29,2024,7,3,29,0,July,Monday,False,False,False,31,Summer
2024-07-30,2024,7,3,30,1,July,Tuesday,False,False,False,31,Summer
2024-07-31,2024,7,3,31,2,July,Wednesday,False,False,True,31,Summer
2024-08-01,2024,8,3,1,3,August,Thursday,False,True,False,31,Summer
2024-08-02,2024,8,3,2,4,August,Friday,False,False,False,31,Summer
2024-08-03,2024,8,3,3,5,August,Saturday,True,False,False,31,Summer
2024-08-04,2024,8,3,4,6,August,Sunday,True,False,False,31,Summer
2024-08-05,2024,8,3,5,0,August,Monday,False,False,False,32,Summer
2024-08-06,2024,8,3,6,1,August,Tuesday,False,False,False,32,Summer
2024-08-07,2024,8,3,7,2,August,Wednesday,False,False,False,32,Summer
2024-08-08,2024,8,3,8,3,August,Thursday,False,False,False,32,Summer
2024-08-09,2024,8,3,9,4,August,Friday,False,False,False,32,Summer
2024-08-10,2024,8,3,10,5,August,Saturday,True,False,False,32,Summer
2024-08-11,2024,8,3,11,6,August,Sunday,True,False,False,32,Summer
2024-08-12,2024,8,3,12,0,August,Monday,False,False,False,33,Summer
2024-08-13,2024,8,3,13,1,August,Tuesday,False,False,False,33,Summer
2024-08-14,2024,8,3,14,2,August,Wednesday,False,False,False,33,Summer
2024-08-15,2024,8,3,15,3,August,Thursday,False,False,False,33,Summer
2024-08-16,2024,8,3,16,4,August,Friday,False,False,False,33,Summer
2024-08-17,2024,8,3,17,5,August,Saturday,True,False,False,33,Summer
2024-08-18,2024,8,3,18,6,August,Sunday,True,False,False,33,Summer
2024-08-19,2024,8,3,19,0,August,Monday,False,False,False,34,Summer
2024-08-20,2024,8,3,20,1,August,Tuesday,False,False,False,34,Summer
2024-08-21,2024,8,3,21,2,August,Wednesday,False,False,False,34,Summer
2024-08-22,2024,8,3,22,3,August,Thursday,False,False,False,34,Summer
2024-08-23,2024,8,3,23,4,August,Friday,False,False,False,34,Summer
2024-08-24,2024,8,3,24,5,August,Saturday,True,False,False,34,Summer
2024-08-25,2024,8,3,25,6,August,Sunday,True,False,False,34,Summer
2024-08-26,2024,8,3,26,0,August,Monday,False,False,False,35,Summer
2024-08-27,2024,8,3,27,1,August,Tuesday,False,False,False,35,Summer
2024-08-28,2024,8,3,28,2,August,Wednesday,False,False,False,35,Summer
2024-08-29,2024,8,3,29,3,August,Thursday,False,False,False,35,Summer
2024-08-30,2024,8,3,30,4,August,Friday,False,False,False,35,Summer
2024-08-31,2024,8,3,31,5,August,Saturday,True,False,True,35,Summer
2024-09-01,2024,9,3,1,6,September,Sunday,True,True,False,35,Fall
